Type,Name,Request Count,Failure Count,Median Response Time,Average Response Time,Min Response Time,Max Response Time,Average Content Size,Requests/s,Failures/s,50%,66%,75%,80%,90%,95%,98%,99%,99.9%,99.99%,100%
POST,/v3/balance,52,0,260.0,261.57922017307476,245.20289000000162,339.88732699998536,128.0,1.8290918529654205,0.0,260,260,270,270,270,280,290,340,340,340,340
POST,/v3/login,10,0,870.0,942.9556051999982,779.7405000000026,1277.7230719999864,1243.0,0.3517484332625809,0.0,880,880,890,1300,1300,1300,1300,1300,1300,1300,1300
GET,/v3/profile,41,0,270.0,295.5977897073154,255.61664800000017,521.5721440000038,1146.0,1.4421685763765817,0.0,270,280,280,310,360,460,520,520,520,520,520
,Aggregated,103,0,270.0,341.27363960193975,245.20289000000162,1277.7230719999864,641.4757281553398,3.6230088626045833,0.0,270,270,280,290,520,870,890,1300,1300,1300,1300
