Type,Name,Request Count,Failure Count,Median Response Time,Average Response Time,Min Response Time,Max Response Time,Average Content Size,Requests/s,Failures/s,50%,66%,75%,80%,90%,95%,98%,99%,99.9%,99.99%,100%
POST,/v3/balance,59,0,54,57.991522285392726,48.83136786520481,143.75986717641354,128.0,2.0534217900997684,0.0,54,55,56,57,66,76,130,140,140,140,140
POST,/v3/login,10,0,250.0,276.06439031660557,239.62467536330223,459.9864650517702,1215.0,0.34803759154233366,0.0,250,260,270,280,460,460,460,460,460,460,460
GET,/v3/profile,46,0,66,84.47706241808508,53.607674315571785,251.24253146350384,1145.0,1.6009729210947348,0.0,67,71,84,87,130,220,250,250,250,250,250
,Aggregated,115,0,61,87.54859642814036,48.83136786520481,459.9864650517702,629.3217391304348,4.002432302736837,0.0,61,66,75,86,230,250,270,280,460,460,460
