Type,Name,Request Count,Failure Count,Median Response Time,Average Response Time,Min Response Time,Max Response Time,Average Content Size,Requests/s,Failures/s,50%,66%,75%,80%,90%,95%,98%,99%,99.9%,99.99%,100%
POST,/v3/balance,46,0,240.0,248.66722282608762,237.4671890000002,341.59779299999116,147.0,1.5878050818621898,0.0,240,240,240,250,260,310,340,340,340,340,340
POST,/v3/login,48,0,290.0,395.23359664583313,274.14947200000483,1193.9308490000117,1215.0,1.6568400854214154,0.0,290,300,310,750,760,760,1200,1200,1200,1200,1200
,Aggregated,94,0,280.0,323.5096264787236,237.4671890000002,1193.9308490000117,692.3617021276596,3.244645167283605,0.0,280,290,290,300,750,760,760,1200,1200,1200,1200
