Type,Name,Request Count,Failure Count,Median Response Time,Average Response Time,Min Response Time,Max Response Time,Average Content Size,Requests/s,Failures/s,50%,66%,75%,80%,90%,95%,98%,99%,99.9%,99.99%,100%
POST,/v3/balance,25,0,240.0,244.58526004000302,238.5362500000099,307.08477700000003,147.0,0.8790093480416329,0.0,240,240,240,250,250,250,310,310,310,310,310
POST,/v3/login,10,0,810.0,884.1851214999964,803.0707609999865,1220.8908609999867,1243.0,0.3516037392166531,0.0,810,820,910,1000,1200,1200,1200,1200,1200,1200,1200
GET,/v3/profile,62,0,250.0,263.9572066774202,242.47225300001674,397.3519930000009,1145.0,2.1799431831432496,0.0,250,250,260,260,290,350,390,400,400,400,400
,Aggregated,97,0,250.0,322.90545907216585,238.5362500000099,1220.8908609999867,897.8865979381443,3.4105562704015355,0.0,250,250,260,290,800,810,1000,1200,1200,1200,1200
