Type,Name,Request Count,Failure Count,Median Response Time,Average Response Time,Min Response Time,Max Response Time,Average Content Size,Requests/s,Failures/s,50%,66%,75%,80%,90%,95%,98%,99%,99.9%,99.99%,100%
POST,/v3/balance,36,0,280.0,281.4968234722208,264.3779859999995,495.6827939999897,147.0,1.2541671535033139,0.0,280,280,280,280,290,300,500,500,500,500,500
POST,/v3/login,41,0,400.0,573.1936672439026,306.4348720000112,1367.5583939999997,1215.0,1.4283570359343296,0.0,400,700,830,860,920,1100,1400,1400,1400,1400,1400
,Aggregated,77,0,320.0,436.81592210389556,264.3779859999995,1367.5583939999997,715.6753246753246,2.6825241894376437,0.0,320,360,460,660,860,970,1200,1400,1400,1400,1400
