Type,Name,Request Count,Failure Count,Median Response Time,Average Response Time,Min Response Time,Max Response Time,Average Content Size,Requests/s,Failures/s,50%,66%,75%,80%,90%,95%,98%,99%,99.9%,99.99%,100%
POST,/v3/balance,58,1,250.0,266.52901315517255,245.91490499999225,530.2535280000029,144.51724137931035,1.9758221124222148,0.03406589849003819,250,260,260,270,280,330,390,530,530,530,530
POST,/v3/login,64,0,380.0,517.2969895156252,288.0961620000022,1330.849690000008,1215.0,2.180217503362444,0.0,390,520,710,830,840,1000,1200,1300,1300,1300,1300
,Aggregated,122,1,300.0,398.07942698360677,245.91490499999225,1330.849690000008,706.0819672131148,4.156039615784659,0.03406589849003819,300,350,440,500,830,840,1000,1200,1300,1300,1300
