Type,Name,Request Count,Failure Count,Median Response Time,Average Response Time,Min Response Time,Max Response Time,Average Content Size,Requests/s,Failures/s,50%,66%,75%,80%,90%,95%,98%,99%,99.9%,99.99%,100%
POST,/v3/balance,27,0,270.0,272.5417077037036,259.89700200000243,292.15813700000126,147.0,0.9345144219713455,0.0,270,270,280,280,290,290,290,290,290,290,290
POST,/v3/login,31,0,440.0,557.6592732258056,303.8032520000087,1084.214437,1215.0,1.0729610030041374,0.0,440,590,840,880,890,1100,1100,1100,1100,1100,1100
GET,/v3/profile,27,1,280.0,287.71814648148217,268.2697660000031,417.9033460000028,1101.7407407407406,0.9345144219713455,0.03461164525819798,280,290,290,300,310,320,420,420,420,420,420
,Aggregated,85,1,290.0,381.346512152941,259.89700200000243,1084.214437,839.7764705882353,2.9419898469468286,0.03461164525819798,290,330,350,420,810,890,1100,1100,1100,1100,1100
