Type,Name,Request Count,Failure Count,Median Response Time,Average Response Time,Min Response Time,Max Response Time,Average Content Size,Requests/s,Failures/s,50%,66%,75%,80%,90%,95%,98%,99%,99.9%,99.99%,100%
POST,/v3/balance,48,0,53,55.18168412769834,47.164617106318474,117.23421700298786,128.0,1.6634001131524505,0.0,53,54,56,57,63,67,120,120,120,120,120
POST,/v3/login,10,0,310.0,321.42669055610895,200.50365664064884,419.0623629838228,1215.0,0.34654169024009385,0.0,310,310,390,390,420,420,420,420,420,420,420
GET,/v3/profile,56,0,65,75.89255023880729,53.24595235288143,206.2030378729105,1145.0,1.9406334653445256,0.0,65,68,72,77,120,150,170,210,210,210,210
,Aggregated,114,0,59,88.71026804441945,47.164617106318474,419.0623629838228,722.9298245614035,3.9505752687370697,0.0,59,66,69,77,170,310,390,390,420,420,420
