Type,Name,Request Count,Failure Count,Median Response Time,Average Response Time,Min Response Time,Max Response Time,Average Content Size,Requests/s,Failures/s,50%,66%,75%,80%,90%,95%,98%,99%,99.9%,99.99%,100%
POST,/v3/balance,43,0,270.0,275.02618425581346,263.6949520000087,350.12935799998957,147.0,1.4812363309795247,0.0,270,270,270,270,290,320,350,350,350,350,350
POST,/v3/login,10,0,900.0,948.8736350999994,833.2576640000013,1443.7854769999988,1243.0,0.34447356534407547,0.0,910,910,910,920,1400,1400,1400,1400,1400,1400,1400
GET,/v3/profile,44,0,280.0,292.4750666363646,272.4890329999994,491.4865949999978,1147.0,1.5156836875139321,0.0,280,290,290,290,310,330,490,490,490,490,490
,Aggregated,97,0,280.0,352.40995057731953,263.6949520000087,1443.7854769999988,713.5979381443299,3.341393583837532,0.0,280,280,290,300,830,910,920,1400,1400,1400,1400
