Type,Name,Request Count,Failure Count,Median Response Time,Average Response Time,Min Response Time,Max Response Time,Average Content Size,Requests/s,Failures/s,50%,66%,75%,80%,90%,95%,98%,99%,99.9%,99.99%,100%
POST,/v2/notifications,23,0,82,87.35524109848167,77.83285714685917,178.83588559925556,325.0,0.8025265099604214,0.0,82,85,86,88,90,97,180,180,180,180,180
GET,/v2/settings,13,0,60,77.59429084566924,56.36570416390896,202.50898599624634,889.0,0.4536019404124121,0.0,60,63,67,69,140,200,200,200,200,200,200
GET,/v2/totalnotifications,32,0,67,75.93806565273553,60.15061028301716,214.9925623089075,12.0,1.1165586225536297,0.0,67,72,73,74,77,180,210,210,210,210,210
POST,/v3/balance,12,0,51,56.0880188519756,47.5983377546072,86.94663271307945,15.0,0.41870948345761116,0.0,51,51,61,61,73,87,87,87,87,87,87
POST,/v3/login,8,0,280.0,321.1695889476687,265.71750454604626,575.7668688893318,1215.0,0.2791396556384074,0.0,280,280,350,350,580,580,580,580,580,580,580
GET,/v3/market,9,0,54,66.43656103147401,49.081891775131226,167.62212105095387,10921.555555555555,0.31403211259320835,0.0,54,55,57,58,170,170,170,170,170,170,170
GET,/v3/profile,17,0,66,102.75321147021126,58.99356119334698,372.6709336042404,1145.0,0.5931717682316158,0.0,66,69,92,120,260,370,370,370,370,370,370
,Aggregated,114,0,67,96.79878078270377,47.5983377546072,575.7668688893318,1290.1315789473683,3.977740092847306,0.0,68,80,83,88,200,280,350,370,580,580,580
