Type,Name,Request Count,Failure Count,Median Response Time,Average Response Time,Min Response Time,Max Response Time,Average Content Size,Requests/s,Failures/s,50%,66%,75%,80%,90%,95%,98%,99%,99.9%,99.99%,100%
POST,/v3/balance,28,0,270.0,270.17486849999983,259.6420469999998,292.081182000004,147.0,0.9719910222321452,0.0,270,270,270,280,280,280,290,290,290,290,290
POST,/v3/login,30,0,400.0,584.5012938000004,313.34939300000997,1409.8457620000033,1243.0,1.041418952391584,0.0,460,790,890,900,970,1100,1400,1400,1400,1400,1400
GET,/v3/profile,27,0,280.0,312.9399250370378,266.45710299999337,574.9157219999859,1146.0,0.9372770571524257,0.0,280,300,320,320,410,500,570,570,570,570,570
,Aggregated,85,0,280.0,394.6978012705887,259.6420469999998,1409.8457620000033,851.1529411764706,2.950687031776155,0.0,280,330,360,460,880,900,1100,1400,1400,1400,1400
