Type,Name,Request Count,Failure Count,Median Response Time,Average Response Time,Min Response Time,Max Response Time,Average Content Size,Requests/s,Failures/s,50%,66%,75%,80%,90%,95%,98%,99%,99.9%,99.99%,100%
POST,/v3/balance,53,0,260.0,267.202066905662,252.0470620000026,385.206012000026,128.0,1.8403208652757206,0.0,260,270,270,270,280,290,340,390,390,390,390
POST,/v3/login,10,0,860.0,974.1856990000002,785.1620550000007,1284.5476429999962,1215.0,0.3472303519388152,0.0,950,970,1000,1300,1300,1300,1300,1300,1300,1300,1300
GET,/v3/profile,34,0,280.0,296.31788229411876,256.79291100001933,449.5797700000139,1146.0,1.1805831965919718,0.0,280,280,300,340,360,410,450,450,450,450,450
,Aggregated,97,0,270.0,350.29252096907345,252.0470620000026,1284.5476429999962,596.8865979381443,3.3681344138065072,0.0,270,280,280,310,790,950,1300,1300,1300,1300,1300
