Type,Name,Request Count,Failure Count,Median Response Time,Average Response Time,Min Response Time,Max Response Time,Average Content Size,Requests/s,Failures/s,50%,66%,75%,80%,90%,95%,98%,99%,99.9%,99.99%,100%
POST,/v3/balance,43,0,270.0,273.5481505116258,262.46602899999516,313.7971139999962,147.0,1.4839455837523892,0.0,270,270,280,280,280,290,310,310,310,310,310
POST,/v3/login,47,0,380.0,510.1506321063823,297.4609419999865,1341.7510949999923,1215.0,1.621987033403774,0.0,380,510,640,830,860,990,1300,1300,1300,1300,1300
,Aggregated,90,0,310.0,397.10722423333186,262.46602899999516,1341.7510949999923,704.7333333333333,3.105932617156163,0.0,310,340,390,480,840,860,1100,1300,1300,1300,1300
