Type,Name,Request Count,Failure Count,Median Response Time,Average Response Time,Min Response Time,Max Response Time,Average Content Size,Requests/s,Failures/s,50%,66%,75%,80%,90%,95%,98%,99%,99.9%,99.99%,100%
POST,/v3/balance,30,0,52,58.138325003286205,47.404078766703606,163.52426074445248,128.0,1.0415219713133392,0.0,53,55,59,62,67,74,160,160,160,160,160
POST,/v3/login,10,0,280.0,311.83924600481987,266.8594680726528,466.60607121884823,1215.0,0.34717399043777974,0.0,280,290,350,370,470,470,470,470,470,470,470
GET,/v3/profile,75,0,64,87.88520279030006,57.44782090187073,295.405613258481,1145.0,2.603804928283348,0.0,64,68,86,95,150,270,280,300,300,300,300
,Aggregated,115,0,62,99.59941234277642,47.404078766703606,466.60607121884823,885.7826086956521,3.992500890034467,0.0,62,67,92,100,270,280,350,370,470,470,470
