Type,Name,Request Count,Failure Count,Median Response Time,Average Response Time,Min Response Time,Max Response Time,Average Content Size,Requests/s,Failures/s,50%,66%,75%,80%,90%,95%,98%,99%,99.9%,99.99%,100%
POST,/v3/balance,58,0,270.0,277.5020216551717,263.73620000001097,347.02942800001324,128.0,2.0166913523203918,0.0,270,280,280,280,290,310,340,350,350,350,350
POST,/v3/login,10,0,870.0,964.5569244000028,850.0235230000044,1365.1966560000233,1243.0,0.34770540557248136,0.0,870,880,1100,1200,1400,1400,1400,1400,1400,1400,1400
GET,/v3/profile,24,0,290.0,315.3877442083312,272.68113200000244,540.6071980000036,1146.0,0.8344929733739552,0.0,290,300,300,310,450,450,540,540,540,540,540
,Aggregated,92,0,280.0,362.06513435869465,263.73620000001097,1365.1966560000233,514.7608695652174,3.1988897312668287,0.0,280,290,300,300,850,870,1200,1400,1400,1400,1400
