Type,Name,Request Count,Failure Count,Median Response Time,Average Response Time,Min Response Time,Max Response Time,Average Content Size,Requests/s,Failures/s,50%,66%,75%,80%,90%,95%,98%,99%,99.9%,99.99%,100%
POST,/v3/balance,61,0,280.0,283.494993278688,270.76916100000403,372.7690510000059,128.0,2.109091689065256,0.0,280,280,280,280,290,310,350,370,370,370,370
POST,/v3/login,10,0,870.0,918.2199731999988,860.6798600000047,1054.9033590000079,1243.0,0.3457527359123371,0.0,880,880,970,1100,1100,1100,1100,1100,1100,1100,1100
GET,/v3/profile,29,0,290.0,301.62438972413815,276.43173500000273,459.67573100000436,1146.0,1.0026829341457775,0.0,290,290,300,300,320,430,460,460,460,460,460
,Aggregated,100,0,280.0,352.2250162399996,270.76916100000403,1054.9033590000079,534.72,3.4575273591233704,0.0,280,290,300,300,860,880,1100,1100,1100,1100,1100
