Type,Name,Request Count,Failure Count,Median Response Time,Average Response Time,Min Response Time,Max Response Time,Average Content Size,Requests/s,Failures/s,50%,66%,75%,80%,90%,95%,98%,99%,99.9%,99.99%,100%
POST,/v2/notifications,224,0,82,97.42304865669992,73.14328476786613,329.9780134111643,148.0,0.749472238496113,0.0,82,85,89,100,150,190,250,280,330,330,330
GET,/v2/settings,461,0,54,57.98182860744103,47.25607857108116,204.84212785959244,889.0,1.542440633690661,0.0,54,57,58,59,64,80,100,140,200,200,200
GET,/v2/totalnotifications,350,0,66,75.2655311727098,54.6889454126358,242.6343597471714,12.0,1.1710503726501764,0.0,66,68,71,75,110,140,190,210,240,240,240
POST,/v3/balance,235,1,51,57.321502133569815,45.30910402536392,140.49306325614452,3.0,0.7862766787794042,0.003345858207571933,51,53,55,57,75,94,120,130,140,140,140
POST,/v3/login,14,0,310.0,372.6306374051741,241.19794368743896,663.6845208704472,1243.0,0.04684201490600706,0.0,310,390,440,520,590,660,660,660,660,660,660
GET,/v3/market,221,0,53,55.88079082918652,47.192174941301346,221.67463973164558,10924.307692307691,0.7394346638733972,0.0,53,55,56,57,62,67,80,97,220,220,220
GET,/v3/mission/polling/first-action,221,0,56,59.121010445766316,50.0797014683485,137.7115398645401,106.0,0.7394346638733972,0.0,56,58,60,61,66,71,110,120,140,140,140
GET,/v3/profile,549,1,70,101.60699539999385,55.227579548954964,520.6300299614668,1142.91985428051,1.8368761559569913,0.003345858207571933,70,90,130,140,160,230,310,360,520,520,520
,Aggregated,2275,2,62,76.82652407868223,45.30910402536392,663.6845208704472,1551.8457142857144,7.611827422226147,0.006691716415143866,62,68,76,81,130,150,240,310,520,660,660
