Type,Name,Request Count,Failure Count,Median Response Time,Average Response Time,Min Response Time,Max Response Time,Average Content Size,Requests/s,Failures/s,50%,66%,75%,80%,90%,95%,98%,99%,99.9%,99.99%,100%
POST,/v3/balance,30,0,280.0,282.85788806666494,271.1481719999824,304.88887400002795,147.0,1.0213567904662353,0.0,280,280,290,290,290,290,300,300,300,300,300
POST,/v3/login,31,0,510.0,653.8420918064519,325.76087900002904,1434.4664459999876,1243.0,1.05540201681511,0.0,510,860,930,930,1000,1400,1400,1400,1400,1400,1400
GET,/v3/profile,26,0,300.0,330.37752211538856,282.8947329999778,519.7535949999974,1146.0,0.8851758850707373,0.0,300,320,360,370,410,500,520,520,520,520,520
,Aggregated,87,0,300.0,429.24893175862144,271.1481719999824,1434.4664459999876,836.080459770115,2.961934692352082,0.0,300,380,410,500,920,1000,1400,1400,1400,1400,1400
