Type,Name,Request Count,Failure Count,Median Response Time,Average Response Time,Min Response Time,Max Response Time,Average Content Size,Requests/s,Failures/s,50%,66%,75%,80%,90%,95%,98%,99%,99.9%,99.99%,100%
POST,/v3/balance,46,0,240.0,246.77384884782643,237.8978080000138,310.69339500001547,3839.0,1.609484603176065,0.0,240,250,250,250,250,260,310,310,310,310,310
POST,/v3/login,53,0,280.0,376.1308606037722,265.8089880000034,1204.1801769999836,1243.0,1.8544061732245967,0.0,280,280,290,290,740,750,770,1200,1200,1200,1200
,Aggregated,99,0,270.0,316.02558241414073,237.8978080000138,1204.1801769999836,2449.222222222222,3.4638907764006617,0.0,270,280,280,280,740,740,770,1200,1200,1200,1200
