Type,Name,Request Count,Failure Count,Median Response Time,Average Response Time,Min Response Time,Max Response Time,Average Content Size,Requests/s,Failures/s,50%,66%,75%,80%,90%,95%,98%,99%,99.9%,99.99%,100%
POST,/v3/balance,48,0,280.0,290.60858491666716,269.1640150000012,785.2941619999996,128.0,1.674185469161311,0.0,280,280,280,280,290,330,790,790,790,790,790
POST,/v3/login,10,0,890.0,981.6806549999994,878.248708000001,1386.924712999999,1215.0,0.34878863940860644,0.0,890,900,970,1300,1400,1400,1400,1400,1400,1400,1400
GET,/v3/profile,39,0,290.0,324.5499975384609,275.19858400000885,580.0080589999936,1144.0,1.3602756936935652,0.0,290,330,360,390,430,460,580,580,580,580,580
,Aggregated,97,0,280.0,375.4996755670103,269.1640150000012,1386.924712999999,648.5567010309278,3.3832498022634825,0.0,280,290,330,360,880,890,1300,1400,1400,1400,1400
