Type,Name,Request Count,Failure Count,Median Response Time,Average Response Time,Min Response Time,Max Response Time,Average Content Size,Requests/s,Failures/s,50%,66%,75%,80%,90%,95%,98%,99%,99.9%,99.99%,100%
POST,/v3/balance,58,0,240.0,244.91588532758618,236.1463069999843,315.290272999988,147.0,1.9978740229582985,0.0,240,240,240,250,250,260,280,320,320,320,320
POST,/v3/login,10,0,790.0,761.8551969999913,308.1761659999813,891.5384879999806,1243.0,0.34446103844108594,0.0,790,790,800,890,890,890,890,890,890,890,890
GET,/v3/profile,37,0,250.0,259.41231381081354,244.88474400001792,384.06894999999963,1144.0,1.2745058422320181,0.0,250,250,260,260,270,320,380,380,380,380,380
,Aggregated,105,0,250.0,299.25646600000016,236.1463069999843,891.5384879999806,602.7047619047619,3.6168409036314024,0.0,250,250,250,260,320,790,800,890,890,890,890
