Type,Name,Request Count,Failure Count,Median Response Time,Average Response Time,Min Response Time,Max Response Time,Average Content Size,Requests/s,Failures/s,50%,66%,75%,80%,90%,95%,98%,99%,99.9%,99.99%,100%
POST,/v3/balance,81,0,53,55.99113296211502,43.92573609948158,144.9804399162531,128.0,2.7929853314650877,0.0,53,54,55,57,61,69,130,140,140,140,140
POST,/v3/login,10,0,250.0,296.11581545323133,226.90613381564617,519.9317056685686,1215.0,0.3448130038845787,0.0,310,310,310,320,520,520,520,520,520,520,520
GET,/v3/profile,19,0,68,76.58860881469752,57.78029188513756,165.00702127814293,1145.0,0.6551447073806995,0.0,68,72,73,75,140,170,170,170,170,170,170
,Aggregated,110,0,54,81.37839538129893,43.92573609948158,519.9317056685686,402.4818181818182,3.792943042730366,0.0,54,60,67,70,170,250,310,320,520,520,520
