Type,Name,Request Count,Failure Count,Median Response Time,Average Response Time,Min Response Time,Max Response Time,Average Content Size,Requests/s,Failures/s,50%,66%,75%,80%,90%,95%,98%,99%,99.9%,99.99%,100%
POST,/v3/balance,60,0,54,55.04781324416399,48.06753434240818,86.34163625538349,128.0,2.072725721912126,0.0,54,55,56,57,60,76,80,86,86,86,86
POST,/v3/login,10,0,290.0,294.87149082124233,197.46739603579044,496.8876298516989,1215.0,0.3454542869853543,0.0,290,300,310,310,500,500,500,500,500,500,500
GET,/v3/profile,35,0,65,76.2986418391977,58.742670342326164,293.89917105436325,1145.0,1.20909000444874,0.0,65,69,72,77,95,120,290,290,290,290,290
,Aggregated,105,0,59,84.97177302127793,48.06753434240818,496.8876298516989,570.5238095238095,3.62727001334622,0.0,59,63,68,73,200,290,310,310,500,500,500
