Type,Name,Request Count,Failure Count,Median Response Time,Average Response Time,Min Response Time,Max Response Time,Average Content Size,Requests/s,Failures/s,50%,66%,75%,80%,90%,95%,98%,99%,99.9%,99.99%,100%
POST,/v3/balance,30,0,270.0,271.67830736666707,258.7600210000005,360.0447339999988,147.0,1.0430415433429068,0.0,270,270,280,280,280,290,360,360,360,360,360
POST,/v3/login,33,0,380.0,543.5220313030297,301.1736439999879,1330.7245620000003,1215.0,1.1473456976771974,0.0,380,490,840,840,930,1000,1300,1300,1300,1300,1300
GET,/v3/profile,26,0,280.0,285.17445430769436,267.7686529999903,405.30636000002573,1142.0,0.9039693375638526,0.0,280,280,290,290,300,320,410,410,410,410,410
,Aggregated,89,0,280.0,376.4169895056186,258.7600210000005,1330.7245620000003,833.6741573033707,3.0943565785839566,0.0,280,320,360,380,840,860,1000,1300,1300,1300,1300
