Type,Name,Request Count,Failure Count,Median Response Time,Average Response Time,Min Response Time,Max Response Time,Average Content Size,Requests/s,Failures/s,50%,66%,75%,80%,90%,95%,98%,99%,99.9%,99.99%,100%
POST,/v3/balance,44,0,260.0,259.2166523636324,248.7941150000097,305.8856990000436,128.0,1.5212477316907902,0.0,260,260,260,260,270,270,310,310,310,310,310
POST,/v3/login,10,0,800.0,916.9606605000012,786.5482419999807,1282.524058999968,1243.0,0.34573812083881594,0.0,880,880,890,1300,1300,1300,1300,1300,1300,1300,1300
GET,/v3/profile,45,0,270.0,272.13362593333585,251.98028299996622,353.09648700001617,1146.0,1.5558215437746719,0.0,270,270,270,280,290,330,350,350,350,350,350
,Aggregated,99,0,260.0,331.5267926868681,248.7941150000097,1282.524058999968,703.3535353535353,3.422807396304278,0.0,260,270,270,280,790,880,1300,1300,1300,1300,1300
