Type,Name,Request Count,Failure Count,Median Response Time,Average Response Time,Min Response Time,Max Response Time,Average Content Size,Requests/s,Failures/s,50%,66%,75%,80%,90%,95%,98%,99%,99.9%,99.99%,100%
POST,/v3/balance,44,1,250.0,255.38904902272796,244.62362499998846,327.4164040000045,3751.818181818182,1.531090268135838,0.03479750609399632,250,250,260,260,260,280,330,330,330,330,330
POST,/v3/login,46,0,290.0,407.0565908043485,273.6686370000001,1184.0754870000012,1243.0,1.6006852803238307,0.0,290,330,370,720,760,770,1200,1200,1200,1200,1200
,Aggregated,90,1,280.0,332.9080148222229,244.62362499998846,1184.0754870000012,2469.5333333333333,3.1317755484596685,0.03479750609399632,280,280,290,320,760,760,780,1200,1200,1200,1200
