Type,Name,Request Count,Failure Count,Median Response Time,Average Response Time,Min Response Time,Max Response Time,Average Content Size,Requests/s,Failures/s,50%,66%,75%,80%,90%,95%,98%,99%,99.9%,99.99%,100%
POST,/v3/balance,43,0,250.0,252.75775095349093,247.50357000002055,269.14304800001787,128.0,1.5144880493332855,0.0,250,250,250,260,260,260,270,270,270,270,270
POST,/v3/login,10,0,860.0,944.6965570000004,802.0845000000065,1318.8147990000232,1215.0,0.35220652310076406,0.0,900,910,1100,1100,1300,1300,1300,1300,1300,1300,1300
GET,/v3/profile,46,0,260.0,282.2933548913048,250.23480299998369,459.67736099999,1145.0,1.6201500062635146,0.0,260,270,280,300,320,400,460,460,460,460,460
,Aggregated,99,0,260.0,336.37417359596094,247.50357000002055,1318.8147990000232,710.3434343434343,3.486844578697564,0.0,260,260,270,300,800,900,1100,1300,1300,1300,1300
