Type,Name,Request Count,Failure Count,Median Response Time,Average Response Time,Min Response Time,Max Response Time,Average Content Size,Requests/s,Failures/s,50%,66%,75%,80%,90%,95%,98%,99%,99.9%,99.99%,100%
POST,/v3/balance,36,0,260.0,259.5625835277784,248.4245489999921,323.00856699998803,128.0,1.240987807100215,0.0,260,260,260,260,270,270,320,320,320,320,320
POST,/v3/login,10,0,860.0,910.2229954000024,786.004485999996,1273.6733719999904,1243.0,0.34471883530561526,0.0,870,890,890,970,1300,1300,1300,1300,1300,1300,1300
GET,/v3/profile,56,0,260.0,282.6530584821397,255.28710800000454,466.77942600001643,1147.0,1.9304254777114456,0.0,260,270,280,280,330,400,420,470,470,470,470
,Aggregated,102,0,260.0,336.02994349019497,248.4245489999921,1273.6733719999904,796.7647058823529,3.516132120117276,0.0,260,270,280,300,470,860,890,970,1300,1300,1300
