Type,Name,Request Count,Failure Count,Median Response Time,Average Response Time,Min Response Time,Max Response Time,Average Content Size,Requests/s,Failures/s,50%,66%,75%,80%,90%,95%,98%,99%,99.9%,99.99%,100%
POST,/v3/balance,28,1,280.0,280.1831727500017,269.3781039999976,318.933837000003,141.85714285714286,0.9497840124227066,0.03392085758652524,280,280,280,280,290,310,320,320,320,320,320
POST,/v3/login,32,0,460.0,611.5652574375023,322.89099599999815,1356.4380179999916,1243.0,1.0854674427688076,0.0,460,730,860,920,940,1300,1400,1400,1400,1400,1400
GET,/v3/profile,23,0,300.0,332.3657592608712,277.0830139999987,781.4900900000055,1147.0,0.7801797244900804,0.0,300,310,330,350,390,470,780,780,780,780,780
,Aggregated,83,1,310.0,422.40517515662845,269.3781039999976,1356.4380179999916,844.9277108433735,2.8154311796815947,0.03392085758652524,310,370,400,470,860,930,1300,1400,1400,1400,1400
