Type,Name,Request Count,Failure Count,Median Response Time,Average Response Time,Min Response Time,Max Response Time,Average Content Size,Requests/s,Failures/s,50%,66%,75%,80%,90%,95%,98%,99%,99.9%,99.99%,100%
POST,/v3/balance,8,0,270.0,271.2702499999971,269.09118300000046,273.14367900000036,128.0,0.2780820626889543,0.0,270,270,270,270,270,270,270,270,270,270,270
POST,/v3/login,10,0,900.0,1041.358384399999,863.8845339999932,1364.8325819999911,1215.0,0.34760257836119285,0.0,910,1100,1300,1400,1400,1400,1400,1400,1400,1400,1400
GET,/v3/profile,79,0,290.0,294.6652053924046,267.06255199999873,425.5304330000058,1143.0,2.7460603690534238,0.0,290,290,300,300,310,370,400,430,430,430,430
,Aggregated,97,0,290.0,369.7144027835046,267.06255199999873,1364.8325819999911,1066.7113402061855,3.3717450101035706,0.0,290,290,300,310,860,910,1400,1400,1400,1400,1400
