Type,Name,Request Count,Failure Count,Median Response Time,Average Response Time,Min Response Time,Max Response Time,Average Content Size,Requests/s,Failures/s,50%,66%,75%,80%,90%,95%,98%,99%,99.9%,99.99%,100%
POST,/v3/balance,63,0,270.0,277.98697228571456,262.1331649999945,370.80721499998504,3839.0,2.144934623491057,0.0,270,280,280,280,290,320,350,370,370,370,370
POST,/v3/login,70,0,310.0,427.2734856285724,292.8786539999919,1240.3577210000094,1243.0,2.3832606927678412,0.0,310,310,320,820,840,850,860,1200,1200,1200,1200
,Aggregated,133,0,300.0,356.55882141353425,262.1331649999945,1240.3577210000094,2472.684210526316,4.528195316258898,0.0,300,310,310,310,820,840,860,860,1200,1200,1200
