Type,Name,Request Count,Failure Count,Median Response Time,Average Response Time,Min Response Time,Max Response Time,Average Content Size,Requests/s,Failures/s,50%,66%,75%,80%,90%,95%,98%,99%,99.9%,99.99%,100%
POST,/v3/balance,43,1,280.0,278.4173972558135,266.00153100000057,354.75786900002504,3749.7906976744184,1.4884439012893416,0.03461497444858934,280,280,280,280,280,290,350,350,350,350,350
POST,/v3/login,48,0,330.0,444.23175581249916,305.06504900000664,1332.7922409999928,1215.0,1.6615187735322883,0.0,330,340,350,830,840,850,1300,1300,1300,1300,1300
,Aggregated,91,1,310.0,365.8799160549445,266.00153100000057,1332.7922409999928,2412.7582417582416,3.14996267482163,0.03461497444858934,310,320,330,340,830,840,860,1300,1300,1300,1300
