Type,Name,Request Count,Failure Count,Median Response Time,Average Response Time,Min Response Time,Max Response Time,Average Content Size,Requests/s,Failures/s,50%,66%,75%,80%,90%,95%,98%,99%,99.9%,99.99%,100%
POST,/v3/balance,87,0,55,57.14475605422738,46.74656502902508,137.44162023067474,128.0,3.0046219645793726,0.0,55,56,57,58,65,73,100,140,140,140,140
POST,/v3/login,10,0,250.0,265.1256311684847,222.96743839979172,439.41646441817284,1215.0,0.3453588465033761,0.0,250,250,250,270,440,440,440,440,440,440,440
GET,/v3/profile,19,0,68,95.98355554044247,57.061756029725075,249.33998100459576,1145.0,0.6561818083564147,0.0,68,71,100,120,240,250,250,250,250,250,250
,Aggregated,116,0,56,81.43566934199168,46.74656502902508,439.41646441817284,388.2844827586207,4.006162619439163,0.0,56,59,65,69,220,250,250,270,440,440,440
