Type,Name,Request Count,Failure Count,Median Response Time,Average Response Time,Min Response Time,Max Response Time,Average Content Size,Requests/s,Failures/s,50%,66%,75%,80%,90%,95%,98%,99%,99.9%,99.99%,100%
POST,/v3/login,10,0,790.0,795.1394583000052,303.82102800001576,1212.3736590000078,1243.0,0.3460130071992053,0.0,790,800,800,990,1200,1200,1200,1200,1200,1200,1200
GET,/v3/profile,86,0,250.0,270.5044959302335,243.65482200002475,696.0581920000095,1146.0,2.9757118619131653,0.0,250,250,260,270,330,370,420,700,700,700,700
,Aggregated,96,0,250.0,325.15397117708477,243.65482200002475,1212.3736590000078,1156.1041666666667,3.3217248691123706,0.0,250,260,300,320,690,790,990,1200,1200,1200,1200
