Type,Name,Request Count,Failure Count,Median Response Time,Average Response Time,Min Response Time,Max Response Time,Average Content Size,Requests/s,Failures/s,50%,66%,75%,80%,90%,95%,98%,99%,99.9%,99.99%,100%
POST,/v3/balance,30,0,260.0,263.8245879666669,246.6026280000051,333.1915240000285,147.0,1.0525082409554256,0.0,260,270,270,270,280,320,330,330,330,330,330
POST,/v3/login,33,0,380.0,547.2659201818199,289.1432349999832,1412.3022079999714,1215.0,1.1577590650509682,0.0,380,570,810,820,830,1300,1400,1400,1400,1400,1400
GET,/v3/profile,27,0,270.0,277.8317649629642,251.90464600001405,457.54989199997453,1146.0,0.947257416859883,0.0,270,270,280,280,300,310,460,460,460,460,460
,Aggregated,90,0,270.0,371.95522954444556,246.6026280000051,1412.3022079999714,838.3,3.1575247228662766,0.0,270,310,340,380,810,830,1300,1400,1400,1400,1400
