Type,Name,Request Count,Failure Count,Median Response Time,Average Response Time,Min Response Time,Max Response Time,Average Content Size,Requests/s,Failures/s,50%,66%,75%,80%,90%,95%,98%,99%,99.9%,99.99%,100%
POST,/v3/balance,29,0,270.0,286.06248106896624,254.88597300000038,742.7417699999808,128.0,0.9998208071150031,0.0,270,270,270,280,310,310,740,740,740,740,740
POST,/v3/login,10,0,920.0,960.9932528999991,807.694156999986,1219.4395739999777,1215.0,0.3447657955568976,0.0,930,1000,1000,1100,1200,1200,1200,1200,1200,1200,1200
GET,/v3/profile,72,0,270.0,293.31730101388985,255.10663800000088,795.9216880000213,1146.0,2.4823137280096628,0.0,270,280,280,290,350,420,540,800,800,800,800
,Aggregated,111,0,270.0,351.572884261262,254.88597300000038,1219.4395739999777,886.2522522522522,3.8269003306815637,0.0,270,280,290,310,740,920,1000,1100,1200,1200,1200
