Type,Name,Request Count,Failure Count,Median Response Time,Average Response Time,Min Response Time,Max Response Time,Average Content Size,Requests/s,Failures/s,50%,66%,75%,80%,90%,95%,98%,99%,99.9%,99.99%,100%
POST,/v3/balance,40,0,54,57.64115615747869,49.5015624910593,127.91059352457523,128.0,1.3774157060067713,0.0,55,55,56,57,62,100,130,130,130,130,130
POST,/v3/login,10,0,280.0,291.23024586588144,245.65705843269825,460.4740012437105,1215.0,0.34435392650169283,0.0,280,280,280,290,460,460,460,460,460,460,460
GET,/v3/profile,62,0,62,85.59551853085718,52.92580462992191,413.14737498760223,1145.0,2.1349943443104955,0.0,62,64,69,78,110,200,400,410,410,410,410
,Aggregated,112,0,60,93.97206119527775,49.5015624910593,460.4740012437105,788.0357142857143,3.8567639768189594,0.0,60,63,69,92,260,280,400,410,460,460,460
